candidate_id,parent_id,experimental_status,generation_method,mutation_count,best_epitope_id,best_epitope_start,best_epitope_end,best_epitope_sequence,HCDR3_proxy,HCDR3_length,CDR_net_charge_pH7_proxy,CDR_aromatic_fraction,charge_complementarity_score,aromatic_contact_score,geometry_fit_score,model_consensus_proxy,developability_score,off_target_penalty_proxy,binding_confidence_score,total_rank_score,rank,top_tier
7-H11-D3-2-C7,7-H11-D3-2-C7,validated,experimentally_validated_parent,0,C_boundary_368_377,368,377,YLKEYQDLLN,TRKDY,5,1.1,0.1379,57.15,76.06,83.33,87.84,92.0,0.0,74.77,81.55,1,yes
15-C12-H6,15-C12-H6,validated,experimentally_validated_parent,0,Cys322_anchor_316_331,316,331,TLEIEACRGMNEALEK,ATSLLRLRDWFPY,13,2.1,0.1818,77.3,72.84,91.67,88.71,69.87,3.0,79.99,81.32,2,yes
15-C12-H6-cdr-perturb-14,15-C12-H6,in_silico_decoy,deterministic_CDR_perturbation,1,Cys322_anchor_316_331,316,331,TLEIEACRGMNEALEK,ATSLLRLRDWFLY,13,2.1,0.1818,77.3,72.84,91.67,84.21,69.75,3.6,75.04,78.25,3,yes
7-H11-D3-2-C7-cdr-perturb-14,7-H11-D3-2-C7,in_silico_decoy,deterministic_CDR_perturbation,1,C_boundary_368_377,368,377,YLKEYQDLLN,TRKDY,5,1.1,0.1207,57.15,73.31,83.33,83.34,92.14,0.6,69.23,78.23,4,yes
15-C12-H6-cdr-perturb-01,15-C12-H6,in_silico_decoy,deterministic_CDR_perturbation,2,Cys322_anchor_316_331,316,331,TLEIEACRGMNEALEK,AVSLLRLRDWFPY,13,3.0,0.1818,89.0,72.84,91.67,79.71,69.75,4.2,73.36,76.76,5,yes
15-C12-H6-cdr-perturb-07,15-C12-H6,in_silico_decoy,deterministic_CDR_perturbation,1,Cys322_anchor_316_331,316,331,TLEIEACRGMNEALEK,ATSLLNLRDWFPY,13,1.1,0.1818,64.3,72.84,91.67,84.21,69.87,3.6,71.4,76.52,6,no
7-H11-D3-2-C7-cdr-perturb-07,7-H11-D3-2-C7,in_silico_decoy,deterministic_CDR_perturbation,1,C_boundary_368_377,368,377,YLKEYQDLLN,TRKDY,5,0.1,0.1379,50.65,76.06,83.33,83.34,85.0,3.6,67.58,76.34,7,no
7-H11-D3-2-C7-cdr-perturb-15,7-H11-D3-2-C7,in_silico_decoy,deterministic_CDR_perturbation,2,C_boundary_368_377,368,377,YLKEYQDLLN,SRKDY,5,2.1,0.1379,63.65,76.06,83.33,78.84,92.09,1.2,66.7,76.33,8,no
7-H11-D3-2-C7-cdr-perturb-01,7-H11-D3-2-C7,in_silico_decoy,deterministic_CDR_perturbation,2,C_boundary_368_377,368,377,YLKEYQDLLN,TRKDY,5,2.1,0.1207,63.65,73.31,83.33,78.84,92.14,1.2,66.1,76.05,9,no
15-C12-H6-cdr-perturb-08,15-C12-H6,in_silico_decoy,deterministic_CDR_perturbation,2,Cys322_anchor_316_331,316,331,TLEIEACRGMNEALEK,ATSLLRLRDWFPY,13,2.1,0.197,77.3,75.27,91.67,79.71,69.83,4.2,70.63,75.46,10,no
7-H11-D3-2-C7-cdr-perturb-08,7-H11-D3-2-C7,in_silico_decoy,deterministic_CDR_perturbation,2,C_boundary_368_377,368,377,YLKEYQDLLN,TRKDY,5,1.1,0.1379,57.15,76.06,83.33,78.84,91.86,1.2,64.86,75.42,11,no
15-C12-H6-cdr-perturb-15,15-C12-H6,in_silico_decoy,deterministic_CDR_perturbation,2,Cys322_anchor_316_331,316,331,TLEIEACRGMNEALEK,ATSLLRLRDWFPY,13,2.1,0.1667,77.3,70.42,91.67,79.71,63.11,4.2,69.16,73.95,12,no
15-C12-H6-cdr-perturb-02,15-C12-H6,in_silico_decoy,deterministic_CDR_perturbation,3,Cys322_anchor_316_331,316,331,TLEIEACRGMNEALEK,ATSNLRLRDWFPY,13,3.1,0.1818,90.3,72.84,91.67,75.21,70.03,4.8,68.79,73.93,13,no
15-C12-H6-cdr-perturb-09,15-C12-H6,in_silico_decoy,deterministic_CDR_perturbation,3,Cys322_anchor_316_331,316,331,TLEIEACRGMNEALEK,ATSLLRLRDWFLY,13,3.1,0.1818,90.3,72.84,91.67,75.21,69.7,4.8,68.77,73.88,14,no
7-H11-D3-2-C7-cdr-perturb-09,7-H11-D3-2-C7,in_silico_decoy,deterministic_CDR_perturbation,3,C_boundary_368_377,368,377,YLKEYQDLLN,TRRDY,5,2.1,0.1379,63.65,76.06,83.33,74.34,92.0,1.8,61.74,73.26,15,no
7-H11-D3-2-C7-cdr-perturb-02,7-H11-D3-2-C7,in_silico_decoy,deterministic_CDR_perturbation,3,C_boundary_368_377,368,377,YLKEYQDLLN,TRKDY,5,1.1,0.1379,57.15,76.06,83.33,74.34,92.14,1.8,59.93,72.41,16,no
7-H11-D3-2-C7-cdr-perturb-16,7-H11-D3-2-C7,in_silico_decoy,deterministic_CDR_perturbation,3,C_boundary_368_377,368,377,YLKEYQDLLN,TRKDY,5,2.1,0.1379,63.65,76.06,83.33,74.34,85.14,4.8,61.33,72.0,17,no
15-C12-H6-cdr-perturb-16,15-C12-H6,in_silico_decoy,deterministic_CDR_perturbation,3,Cys322_anchor_316_331,316,331,TLEIEACRGMNEALEK,ATSLLRLRDWFPY,13,1.1,0.1818,64.3,72.84,91.67,75.21,70.03,4.8,61.51,70.43,18,no
15-C12-H6-cdr-perturb-17,15-C12-H6,in_silico_decoy,deterministic_CDR_perturbation,4,Cys322_anchor_316_331,316,331,TLEIEACRGMNEALEK,ATSLLRLRDWFPY,13,2.1,0.1818,77.3,72.84,91.67,70.71,76.91,2.4,60.62,70.39,19,no
15-C12-H6-cdr-perturb-10,15-C12-H6,in_silico_decoy,deterministic_CDR_perturbation,4,Cys322_anchor_316_331,316,331,TLEIEACRGMNEALEK,ATILLRLRDWFPY,13,2.1,0.1818,77.3,72.84,91.67,70.71,76.83,2.4,60.61,70.38,20,no
7-H11-D3-2-C7-cdr-perturb-17,7-H11-D3-2-C7,in_silico_decoy,deterministic_CDR_perturbation,4,C_boundary_368_377,368,377,YLKEYQDLLN,TRKDY,5,2.0,0.1379,63.0,76.06,83.33,69.84,89.0,2.4,56.43,69.68,21,no
7-H11-D3-2-C7-cdr-perturb-03,7-H11-D3-2-C7,in_silico_decoy,deterministic_CDR_perturbation,4,C_boundary_368_377,368,377,YLKEYQDLLN,TRKDY,5,0.1,0.1379,50.65,76.06,83.33,69.84,92.04,2.4,53.16,68.47,22,no
15-C12-H6-cdr-perturb-11,15-C12-H6,in_silico_decoy,deterministic_CDR_perturbation,5,Cys322_anchor_316_331,316,331,TLEIEACRGMNEALEK,ASSLLRLRDWFPY,13,3.1,0.197,90.3,75.27,91.67,66.21,69.66,6.0,59.41,68.02,23,no
7-H11-D3-2-C7-cdr-perturb-18,7-H11-D3-2-C7,in_silico_decoy,deterministic_CDR_perturbation,5,C_boundary_368_377,368,377,YLKEYQDLLN,TRKDY,5,3.1,0.1034,70.15,70.54,83.33,65.34,94.51,3.0,52.6,67.82,24,no
7-H11-D3-2-C7-cdr-perturb-10,7-H11-D3-2-C7,in_silico_decoy,deterministic_CDR_perturbation,4,C_boundary_368_377,368,377,YLKEYQDLLN,TRKDY,5,-0.9,0.1379,44.15,76.06,83.33,69.84,92.0,2.4,51.33,67.59,25,no
7-H11-D3-2-C7-cdr-perturb-11,7-H11-D3-2-C7,in_silico_decoy,deterministic_CDR_perturbation,5,C_boundary_368_377,368,377,YLKEYQDLLN,TRKDD,5,2.1,0.1207,63.65,73.31,83.33,65.34,92.14,3.0,51.25,66.89,26,no
15-C12-H6-cdr-perturb-04,15-C12-H6,in_silico_decoy,deterministic_CDR_perturbation,5,Cys322_anchor_316_331,316,331,TLEIEACRGMNEALEK,ATSLLRLNDWFPY,13,2.1,0.1515,77.3,67.99,91.67,66.21,72.11,6.0,54.31,65.87,27,no
15-C12-H6-cdr-perturb-05,15-C12-H6,in_silico_decoy,deterministic_CDR_perturbation,6,Cys322_anchor_316_331,316,331,TLEIEACRGMNEALEK,YTSLLRERDWFPY,13,3.1,0.1818,90.3,72.84,91.67,61.71,72.36,6.6,54.08,65.11,28,no
15-C12-H6-cdr-perturb-03,15-C12-H6,in_silico_decoy,deterministic_CDR_perturbation,4,N_boundary_279_290,279,290,WFKSRFTVLTES,ATSLLRDRDWFPY,13,-0.9,0.1818,55.85,83.67,66.67,67.86,73.15,5.4,51.73,64.75,29,no
15-C12-H6-cdr-perturb-18,15-C12-H6,in_silico_decoy,deterministic_CDR_perturbation,5,Cys322_anchor_316_331,316,331,TLEIEACRGMNEALEK,ATSLLRLRDWFPY,13,1.1,0.1818,64.3,72.84,91.67,66.21,69.87,6.0,51.6,64.3,30,no
7-H11-D3-2-C7-cdr-perturb-05,7-H11-D3-2-C7,in_silico_decoy,deterministic_CDR_perturbation,6,C_boundary_368_377,368,377,YLKEYQDLLN,NRKDY,5,2.1,0.1379,63.65,76.06,83.33,60.84,91.81,3.6,46.88,64.07,31,no
15-C12-H6-cdr-perturb-12,15-C12-H6,in_silico_decoy,deterministic_CDR_perturbation,6,Cys322_anchor_316_331,316,331,TLEIEACRGMNEALEK,ATSLLRLRDWFYY,13,2.1,0.2121,77.3,77.69,91.67,61.71,69.7,6.6,51.35,63.48,32,no
7-H11-D3-2-C7-cdr-perturb-04,7-H11-D3-2-C7,in_silico_decoy,deterministic_CDR_perturbation,5,C_boundary_368_377,368,377,YLKEYQDLLN,TRKDY,5,0.1,0.1207,50.65,73.31,83.33,65.34,82.14,6.0,47.01,63.41,33,no
15-C12-H6-cdr-perturb-13,15-C12-H6,in_silico_decoy,deterministic_CDR_perturbation,7,Cys322_anchor_316_331,316,331,TLEIEACRGMNEALEK,ATSLIRLRDWFPY,13,3.1,0.1515,90.3,67.99,91.67,57.21,72.07,7.2,48.05,61.5,34,no
7-H11-D3-2-C7-cdr-perturb-12,7-H11-D3-2-C7,in_silico_decoy,deterministic_CDR_perturbation,6,C_boundary_368_377,368,377,YLKEYQDLLN,TIKDY,5,-0.9,0.1207,44.15,73.31,83.33,60.84,90.76,3.6,40.75,61.01,35,no
7-H11-D3-2-C7-cdr-perturb-06,7-H11-D3-2-C7,in_silico_decoy,deterministic_CDR_perturbation,7,C_boundary_368_377,368,377,YLKEYQDLLN,TRIDY,5,2.0,0.1379,63.0,76.06,83.33,56.34,91.72,4.2,41.74,60.92,36,no
7-H11-D3-2-C7-cdr-perturb-13,7-H11-D3-2-C7,in_silico_decoy,deterministic_CDR_perturbation,7,C_boundary_368_377,368,377,YLKEYQDLLN,TRKDY,5,1.1,0.1207,57.15,73.31,83.33,56.34,94.14,4.2,39.65,60.2,37,no
15-C12-H6-cdr-perturb-06,15-C12-H6,in_silico_decoy,deterministic_CDR_perturbation,7,Cys322_anchor_316_331,316,331,TLEIEACRGMNEALEK,ATSQLRLRDWFPY,13,2.1,0.1667,77.3,70.42,91.67,57.21,66.15,10.2,44.59,58.89,38,no
synthetic-negative_acidic_cdr,7-H11-D3-2-C7,in_silico_negative_control,synthetic_CDR3_negative_control,99,N_boundary_279_290,279,290,WFKSRFTVLTES,DEDEGDE,7,-9.9,0.1034,100.0,71.13,83.33,45.53,92.32,59.4,39.25,53.61,39,no
synthetic-negative_low_basic,7-H11-D3-2-C7,in_silico_negative_control,synthetic_CDR3_negative_control,99,C_boundary_368_377,368,377,YLKEYQDLLN,SSGSSGSS,8,0.1,0.1017,50.65,70.27,91.67,46.67,92.29,59.4,27.08,48.18,40,no
synthetic-negative_hydrophobic_patch,7-H11-D3-2-C7,in_silico_negative_control,synthetic_CDR3_negative_control,99,C_boundary_368_377,368,377,YLKEYQDLLN,LLVLLVLL,8,0.1,0.1356,50.65,75.7,91.67,46.67,87.62,60.5,27.99,47.97,41,no
synthetic-negative_short_loop,7-H11-D3-2-C7,in_silico_negative_control,synthetic_CDR3_negative_control,99,C_boundary_368_377,368,377,YLKEYQDLLN,GSG,3,0.1,0.12,50.65,73.2,66.67,44.17,89.38,59.4,22.8,45.43,42,no
